{
  "prompt_v1_scores": {
    "faithfulness": 0.5977293882588001,
    "answer_relevancy": 0.9258289767146138,
    "context_recall": 1.0,
    "context_precision": 0.9449999999369166
  },
  "prompt_v2_scores": {
    "faithfulness": 0.545501887001887,
    "answer_relevancy": 0.7968186906729591,
    "context_recall": 1.0,
    "context_precision": 0.9416666666024167
  },
  "target_met": false
}